Accuracy,Precision,Recall,F1 Score,AUC,Hamming Loss,Jaccard Score,Log Loss,MCC
0.7401315789473685,0.6724137931034483,0.841726618705036,0.7476038338658147,0.7932635709614126,0.2598684210526316,0.5969387755102041,0.6926360721316952,0.4997156015992951
0.6282894736842105,0.5915492957746479,0.60431654676259,0.597864768683274,0.6587093961194681,0.3717105263157895,0.4263959390862944,6.737623076226369,0.25242197436143604
0.7861842105263158,0.7283950617283951,0.8489208633093526,0.7840531561461794,0.8628297362110312,0.2138157894736842,0.644808743169399,0.4811308796508718,0.581380311421631
0.7796052631578947,0.7465753424657534,0.7841726618705036,0.7649122807017544,0.8641377806845432,0.22039473684210525,0.6193181818181818,0.4688236042771089,0.5583137478246871
0.756578947368421,0.6946107784431138,0.8345323741007195,0.7581699346405228,0.8295400043601482,0.24342105263157895,0.6105263157894737,1.289963554396678,0.5260841228754931
0.743421052631579,0.6826347305389222,0.8201438848920863,0.7450980392156863,0.8103771528231961,0.2565789473684211,0.59375,0.6073622703552246,0.49954199801379695
