Accuracy,Precision,Recall,F1 Score,AUC,Hamming Loss,Jaccard Score,Log Loss,MCC
0.8802816901408451,0.893491124260355,0.9041916167664671,0.8988095238095238,0.9540406366753673,0.11971830985915492,0.8162162162162162,0.2648139349570297,0.7523503975908209
0.8415492957746479,0.8860759493670886,0.8383233532934131,0.8615384615384616,0.8629151952505246,0.15845070422535212,0.7567567567567568,4.043711339443132,0.6781040471229435
0.8485915492957746,0.8647058823529412,0.8802395209580839,0.8724035608308606,0.9234351809202108,0.15140845070422534,0.7736842105263158,0.34732380292531384,0.6864570763711477
0.852112676056338,0.874251497005988,0.874251497005988,0.874251497005988,0.929474384564205,0.14788732394366197,0.776595744680851,0.3392185029285402,0.6947643175188085
0.8591549295774648,0.8848484848484849,0.874251497005988,0.8795180722891566,0.9341829162188443,0.14084507042253522,0.7849462365591398,0.7680388015607834,0.7101159833151217
0.8838028169014085,0.8941176470588236,0.9101796407185628,0.9020771513353115,0.9562925431188904,0.11619718309859155,0.8216216216216217,0.2722136676311493,0.7594297555481974
