Accuracy,Precision,Recall,F1 Score,AUC,Hamming Loss,Jaccard Score,Log Loss,MCC
0.5081168831168831,0.7310344827586207,0.2864864864864865,0.4116504854368932,0.658327840035157,0.49188311688311687,0.2591687041564792,0.948780538634304,0.1477113663715125
0.5762987012987013,0.6810631229235881,0.5540540540540541,0.6110283159463488,0.6046088771698528,0.4237012987012987,0.43991416309012876,11.234809860537473,0.16049839847451425
0.5925324675324676,0.6586666666666666,0.6675675675675675,0.6630872483221476,0.614084816523841,0.4074675324675325,0.4959839357429719,1.0236153661505611,0.14776685934218792
0.5746753246753247,0.6636363636363637,0.5918918918918918,0.6257142857142857,0.6122720281256867,0.4253246753246753,0.4553014553014553,1.162783708335359,0.13814566565000683
0.4967532467532468,0.7586206896551724,0.23783783783783785,0.36213991769547327,0.5469786860030762,0.5032467532467533,0.22110552763819097,6.971480856278471,0.15535834580111613
0.5584415584415584,0.6975806451612904,0.46756756756756757,0.5598705501618123,0.6565425181278839,0.44155844155844154,0.3887640449438202,1.0140281915664673,0.16247189293949899
